ID,Prediction
01ZCuw3goSDpEp0J,rose
06w9CHZ1GEho5r06,rose
0CN4XYEOPRWNPpWx,tulip
0eCM4xDhupI0KhJV,rose
0GfY8v1qW2kflhVA,rose
0kEpvFUZJn8r6GIA,dandelion
0lduux1Tl2s5nl7J,tulip
0MgkvIV8429HhmqN,dandelion
0rVFbQLbLcjFbJvR,tulip
0ryt7h3w6rhzXMEP,dandelion
0SdKJ0KqTJT3b957,sunflower
0sDwfNeYWc1CHeRX,dandelion
0SVcWI02EaDCPa5d,tulip
0wAXtVvPZY6Xpjal,rose
0ySreIjK2EKRLv3j,tulip
0znUJlpraIcBQ4qi,tulip
11vOspAniXLXS18O,rose
152UQp96lS7d5zBy,daisy
1A5WQu6VZEcuUeSU,rose
1cfTX06bZq2G4n24,dandelion
1cmYEj46SpbHTi0a,daisy
1d9XRcO5p9f7T2Ql,dandelion
1HhfG7TReD1Tq0sX,dandelion
1l3IWTS2aZQbtf0t,dandelion
1lOXJMKTAUSDE46e,sunflower
1NBYMjaOOc8fONaE,tulip
1vEp1Gv2EruN0L2h,rose
1wng1XxCuAhP47jW,rose
1yuhUnJxw7UNj7mB,tulip
1ZM2Jplp3KVTXrrV,daisy
26xjWDmJcg9UtDC4,dandelion
29VW9U9dR9QU9Fwa,rose
2DAnipq6NSELpgPU,daisy
2GRDFgKCj9OIR9Lf,tulip
2J3GI4vh6fFB3eGE,dandelion
2KyK9WHFXA5tnbqy,dandelion
2L9Z51pNq9FCYbt5,sunflower
2LW3HxrWm8mlvFXE,dandelion
2Mx0bfTMbeGs0C3O,dandelion
2np9LmCfhgOOv5c9,sunflower
2o8Kr0FZitS0xoVO,sunflower
2QvWLmEeRAMYVBYe,tulip
2v0UXwTOfehFQ4ya,daisy
2xEegJgdM2yWCXez,rose
2XjlWBKiLzY8CENS,dandelion
30ZrjfIZQ1jyE9AN,daisy
330SKaxdslOWVDfB,daisy
33H1BQcOSCbF4CjM,dandelion
34fGYerklR4jeBAS,dandelion
37uayknkLbg4eKA5,dandelion
3BkwLbTvFKCD5SZP,dandelion
3dociHzWCqhNTbVF,daisy
3ECDxykUyomGzOUz,sunflower
3F8EswLWNumwyYHl,tulip
3HiKxV4vV8IQdZme,dandelion
3Rc0Qjg8mLC64zrZ,rose
3SfWnEwMP2550hio,dandelion
3VDbV3wjnzGv0NKW,daisy
3vO2bIizpacuqBck,daisy
46RMT5TbcDkn8DGC,tulip
4B8FkAq8vgTl34be,dandelion
4cBuNaXGeKaz8TuG,rose
4H2GS8dyhWq4zDtv,tulip
4kskJiPwDUx3nPUS,daisy
4L1UQdMItr8FppLz,sunflower
4pwFMuPAb220sV9A,daisy
4STIPgHct7rZY8ld,sunflower
4ZSODILTgk3Typij,dandelion
52jzhDld6PT7LkA5,sunflower
53vzcWMDLJhCjXSV,sunflower
5APjwGxZfgjEHbFh,daisy
5bdSg2EXv2ds7lqv,tulip
5BfhQ1HZt2GJEzSM,rose
5fkQmPG9aQYEfLUD,rose
5GMScKts64uWt3f7,rose
5gn2baU63QV8H143,dandelion
5jtUOigibCw74tO7,dandelion
5JY0SUQtniUFnzYH,dandelion
5M8pK59WNj2mqdYX,rose
5QHrh8fV4nwE1qi2,sunflower
5Qn2uJz7y5smQbgo,rose
5Sra4z4PaEm6a68d,tulip
5yaY7028KBLfBRUA,rose
65QTjY8MY7DIsZnb,rose
66lH8sOeuLYNB80P,dandelion
68e9qoGACvRHQjrl,tulip
6Dc5xBsdlBhwOajz,daisy
6FgaNKL4Xw35vfoA,rose
6GdGJBknJAJN1GJg,daisy
6K8fQVd7wZ7R0Hje,daisy
6KOjoXtXH2GV2bhd,dandelion
6L66fuzUCMgknvyD,dandelion
6NdkfQsZBSzPmGTg,daisy
6NKeUwUdeAbnUzQh,daisy
6nNRNhYkOKrnIf7c,dandelion
6YfdEYSAaBdES4PX,tulip
6zimBHRwzmYQPu59,dandelion
73ImhinHcaFfPyhX,rose
73jjGWUwyOrTpyeg,tulip
73zheQqHUGJhrbHa,dandelion
74XApoUbLwK2Efzw,daisy
7asoQ14zp5WilmqW,tulip
7eXaeAi4FIcef5Z8,daisy
7fTLIZca50f5iaNR,rose
7fwigAoFYSrlZufG,dandelion
7hcaznOoFB7stUb3,dandelion
7IKfTTueyUugfuah,dandelion
7JjdgPzmKvTmuWYz,tulip
7kRqCCYFi956pxys,daisy
7LsIHMN9DysE6CJF,daisy
7M5jVX4WmGsceSmu,tulip
7OlMg6mgVlcm3xOd,sunflower
7OM5QPCoyJIuN4Ib,dandelion
7RRtCsunqUprZHbL,sunflower
7urWbS8fNelmHLR1,rose
7xKwdNy3JdZiJETw,tulip
7ZDaAS5sPV2EsYox,rose
8DhsfoRQ98LsyLv5,tulip
8fprErX5nyvtZzE7,tulip
8HNmh67CcAYicpjG,dandelion
8kHfzIpNbLKaJBH5,tulip
8MIqzd3dCRp1hhcc,daisy
8p7YRU5paRsKTp31,tulip
8RmsutLLSpwXYMi2,daisy
8Sr8oBfXi9ywBJji,daisy
8W7xIwwamTila8a0,dandelion
9197fJK64o9jDHgu,tulip
92RRDHUIsDDKOFY5,rose
95Qiu4OqUEKXCcvq,tulip
95UjidE7nALOVToH,tulip
97r6fgtiT4GuEgZT,dandelion
98bKj9wlqBkbnv0P,dandelion
9cWhmDuN0TTyTmI5,dandelion
9daDvdPRCAFM8By1,dandelion
9gCvyFmDf0OLrWdu,rose
9ikq7N8XKUp54jQY,daisy
9JDo0bobGMg2fWor,dandelion
9MnTY2xLQRjIy8aF,sunflower
9OQ6wHyNVCbWfoSX,tulip
9TJtZ9BjNOkZtcHS,daisy
9vGxtJL8xLIhnSPL,daisy
a0G1gSlAa0mlNBWx,tulip
A81c2AR6a0P4oXL5,sunflower
A8ZxqsowZOJKwGcU,dandelion
aAdi3hTZIpJtJoGD,dandelion
AcIMaINhArVsfC3R,rose
ACpKZU7FLEOM7UYR,dandelion
aCvxtKvhex1NONzx,rose
ACXEO303xST2uOVN,dandelion
aJGsGCrKLzmdMgj6,tulip
AjsgYkq5N6YSrZu0,daisy
Ao2iT1sYjjC4OdLJ,daisy
aoYRpgEIf7vAcV8r,daisy
AqFQYkRkTZDEKTYE,daisy
asFDSRvDtKIMBBkw,rose
Asq39ZckgoJKalCt,dandelion
AStZwX694W4spAfL,tulip
aTCkDZrwo7RKH1Id,dandelion
atPA5JH1120YItAe,dandelion
aTqvLj8Ny2I6g1VS,daisy
aU0bMurCJrSwZ3m4,rose
AUEAFFgKrhgI6pm1,tulip
Av0BRREUoGhjhRbd,sunflower
AvHCMSVRChboDo0f,dandelion
axozZcSbKCeneQsW,dandelion
AXzioJagbEDBtCsX,daisy
b0e64RBKXsvMKymh,dandelion
B0z0uvLzpkKhRgBc,daisy
b7pE9dCNDgrWKG5j,dandelion
b7pLAr4EvSpYR80D,daisy
B8pD0g1i0qSZb0ee,rose
B8W9ZQPYQejyhsRr,rose
B9tfvXYQICwT9fqT,dandelion
bAAYYW4wLKHPe3r2,tulip
bAb3DartwhyKcATa,rose
bBC40yZPd9W1xXtp,daisy
BBegHszYDjbpJTua,daisy
BbNUqDyj7U0oOIPM,daisy
bbRUPMALgI9ezrwV,tulip
bcikc3yqAz6ftS2v,tulip
BdlqeSju1VA81GqT,daisy
Bff0cbuluJs2gegq,daisy
BguUwWs3Rlbo10b3,sunflower
bHBx5v7lcDspEgRx,dandelion
BhQ3J9bQnjE4tpmw,daisy
bKNBFGtEhvhk8EhC,dandelion
BLKvmkfoDCnwpOBj,daisy
BmEj0CMCLQnGOhZn,dandelion
Bmnatu5IxCBiNbVJ,sunflower
bO6dXEf7tKIBuNXX,sunflower
bovcYkpaDJzqxJAz,tulip
bp4l27KNfEa8J9V9,daisy
bPi7z0qq8g24AEfL,daisy
BqIeAuqhY1kULNZN,rose
BRmG6guPQyPc4a3W,rose
BSmXWwwndr6dzLIu,dandelion
BsvipJJuUTvO1khc,tulip
bUzRAES2jQDZvlZR,daisy
BwR6TqSV9G4w9opq,dandelion
bxnj2u6ZNV6r6wf9,sunflower
bzgtLTWfycDnzftw,rose
bZlDAMkQOoYMx3ZD,daisy
bZszEOvt9s3Y6WvD,rose
C10jTCBZCLGbrA2d,rose
c15Szgry14vJj8cG,daisy
cbclsvdLa0sbiTq3,tulip
cCta51qP0fL7wRYg,tulip
cEkuf6ZDLo8nJUb5,dandelion
CfDANpZ7IEIGVS4v,tulip
chFbtVsPLpuKU8az,daisy
cHlbhlzn2UJbp0ah,dandelion
cIJ5tjvH1u1AIsAq,tulip
CjkbhTlBJJ9ZNEVx,dandelion
CkfX1hTyXGoGorNt,sunflower
CKi62xtWulLInPYr,tulip
ckQBf9XhBk9j6yWt,dandelion
cMU8pfgoFYj1eDxk,dandelion
Co6OrnHGD7iRjQBj,rose
cPTmHKlU8sMgBlyQ,dandelion
CQWZlhuLmZsRZQQa,dandelion
crUCL73YXSwcqXYm,tulip
CSX2S5H3gCrOEXMa,tulip
cu6yzeKyfUJRWfjo,daisy
cWOTqa7pjEB0hnmg,tulip
cz9TrS63fJ9amFBn,dandelion
CZla1eT5HhsFXdDx,rose
d18ecw1b7EdsWU0M,daisy
d2cmJIKJaQDuSg9H,daisy
D4ezgZg92nrNEfDL,tulip
d80MfBbyfPXEcUru,daisy
d9fKBmx1yfl4oHsK,dandelion
ddJeMtevgOjgAcSE,dandelion
DH4H865reXrNZkT0,tulip
dJNqMmJ8RfhamZGy,dandelion
dku2u0lnlQNNPpPe,sunflower
dlGHwuKssh0kOWsT,rose
dlRLih5pzunsQ5qA,tulip
dn5W0sz9cyoNMfnB,daisy
DNwoSPEN2KYBmSJU,tulip
dOXuO3SXA3wPQZ4L,rose
drC75rdhv1YQ6apu,tulip
drLUoVglmjHChMdX,sunflower
DrwBsEAZnAndOjLp,daisy
dTVdxNbebjKGWGuj,dandelion
dufZzcbdlCJcrsp5,tulip
DW0cPkYmFEOz00md,rose
DXe9ouQeN5h69tVP,daisy
dXYL0w2IVPDn9zUw,dandelion
DZsBI89ZQ788jmvj,dandelion
E9nEN6S8vEoZVH5U,dandelion
eAsuvWZw9rfeg053,sunflower
eB5NcdATQVVa8MoS,sunflower
ebhFQFTtrpsmAsvW,dandelion
ebHNzy0hViY0GjKU,sunflower
EHOwhImKAo5H6IQ5,daisy
eHqHXWTDcIM76Fjp,dandelion
eIhYEPNLJgAks1qh,tulip
EJMPYuMwrj8Cdmg8,tulip
eJzlTic2vIvMDg5e,tulip
EKTmgN68MLkPrUPe,tulip
Elti9nxDRujsu7ia,tulip
elYU2g5TACfMLfDb,tulip
ems5R5FVMkGaKeQG,dandelion
eOmH37IpDdMDCHqO,sunflower
eOPCWyJ1R8mvjAe2,rose
ePFwUMTjn11a13wK,tulip
EPZk5jbtrumRPdA1,dandelion
eugVk9ikt3uxA5By,rose
EuuUiDl4a0GGQKSb,dandelion
eVmTO5dHdRNGkQtY,tulip
EWS2kEeqrI9a45Ig,tulip
exV336dph9I6CdKN,tulip
eyFkrIiwsXBOIiHk,dandelion
ez94EYiYvAxgjoeV,tulip
f07NkFont0xyAbCZ,sunflower
f1DMix6leMloTLd1,rose
F3kYYzzrBS6YU3ot,dandelion
F4wDplw3rpL1shki,tulip
f5o6Z0Za9llGdeJ2,tulip
f6iqRTuvI0TRdaa1,daisy
F6pSmkNkY32GxwDN,dandelion
F7OF53K4OTQFvGFU,daisy
fc2Ff0x3yPUt4Zod,sunflower
FiOjuowsx9NVl9v5,sunflower
fOYarUBcYpx9JNvu,daisy
FrPcd6JR1bxWKIiJ,tulip
FrqHreKMKCZIe9nO,dandelion
frxY1vz7MSCBunHJ,daisy
fSrH2sZz5L1PtMsO,rose
FuhGbOfgQR1caWRW,daisy
FzqFqnCSruTiDVK1,rose
G0fHoNLoV1WLHrxR,dandelion
g0gG4e6gJE05yOeA,daisy
G0PRfszGrzECtOGV,tulip
g89tZMSYb2TUnfr2,daisy
gaNZYL0wM3gNe3kl,dandelion
GbssgPLFJVMoA24X,sunflower
Gcl6JF8NGl0I1G6a,tulip
GCzdp6MGjMXZZZ87,sunflower
gDcHy36yKyFXgd0B,daisy
GDqWaBOmBrmG6Ihm,rose
GG27J38SEVKcQYIw,tulip
gj7SeID9vyLyZDPE,sunflower
gJBEwevuXOVyyStV,tulip
GjnNCABs9tjqh7fT,daisy
gk3Do6abCW1nf7ot,tulip
GKAD8tSamfluBNMl,sunflower
gLh9toqkt5yE7dx2,tulip
gmvu7Z0C2kVBgVxr,dandelion
gN191TDwMSV2LHTt,rose
gPHTtpudV5rbCKxy,dandelion
GqkhblfwNSURzWK1,sunflower
GqtZyGC7WPHXBBGs,rose
gtT0AGS53YNe8MPe,sunflower
gXzfGbZC4ptB0Ghc,tulip
gy9I969fdHNAhXIm,tulip
GzsRNB8PMO9FrJLM,dandelion
h09jBbdjQm0z1pow,rose
h0xJCURMuq9Eozcr,dandelion
h3OHBEocJIfsGol9,dandelion
h4YRJONfJtqpsm5X,daisy
H5QxQctZ0vytbMLn,tulip
h7IM37ohHHwUcUYX,tulip
HAswe2ZrAk25O2nH,tulip
HbBdvvsTN9iAX5Kz,daisy
hBkFTtfUZLGMxiMQ,sunflower
hBlZJTfd44QsRCcb,daisy
hCauJaiFaXDaucnv,dandelion
hdeYW7ZvYlFT3Sgy,sunflower
hdfDKtOqOBeHiR8R,daisy
hE41HbXoiND8braU,tulip
hFahzzOI4cVZwXY2,dandelion
HGEJ633fqtKRR0Fn,dandelion
hGhEKEQSOZbh56k6,tulip
HGHuEYmZyKH50jxF,tulip
hHicw8U5l0wAE5P9,tulip
hJadLQfuzCsjrXwp,sunflower
HJXHCi2XCZK6QagN,tulip
HkAyT4DPqeocgoWd,tulip
hKPK1kEA3RsvgJH0,dandelion
hL2zxxzb9NFXhqrQ,dandelion
hMxRskuWi6CY9mbQ,dandelion
HNz6mHCEmXfhaLhS,daisy
hpyA8KJLRQABPXUL,dandelion
HTF4mJgRCeqHLMew,dandelion
HUs7C0EGOFoA1SNt,rose
hVxBvvFy8a3GrTDH,rose
hWYsIiZyX4y5nfFk,daisy
hYqeVkqmEMh1XsM9,dandelion
hZKVDqtkJTPIOpGz,dandelion
hZQHecgMXBw0F0PR,tulip
i1KwqXFk4oEQ2hDG,dandelion
I1oyQ1B7hdwCU1TN,tulip
i3Ecqvsov1Qa0xrE,tulip
i3RIIbXXSZyl65zU,dandelion
i7iFKpfXdQ9Au50c,tulip
iAsBm3y9lenEo2bl,rose
Ibc5SZ440MpSV7KZ,daisy
Icn8ifldcBjFCuWI,sunflower
IDa7uZUVYL6roOAZ,dandelion
idHXdZa50QzgFfib,dandelion
if1JDBvWhLi1bd73,dandelion
IFOlexXmtzi0tgME,dandelion
IFPw9S6A24NBC0qX,daisy
IgGHIYq4qv4fv263,dandelion
iHuMds3PZscr3X69,dandelion
iHxEDOlGT1bkzPyD,rose
IJklagdVrbS51zt5,tulip
iKUXwMcawAHNB5IU,rose
IKVvnlwUhSBwFEzG,daisy
Im4vYH09ViiCwVuI,tulip
IolEzPBxbjc69tWi,daisy
ipKBY5PubVW7tkyU,dandelion
IPYpYR9I58ZY3nH8,daisy
iR9X6Ld7WOC4fyzq,tulip
IsHW84myToU4jE4t,tulip
IW2jtSAp3MHGRai9,rose
IWO03YCNnVC0o1Ip,tulip
Iy20aQZYSJaMoXe3,rose
j01Ok8vxa5C7AYL4,sunflower
j1jCZSszjJt1IzYW,daisy
j5SDx30ZAD5gZk7h,sunflower
J6EhN7m0eFGyH5j3,rose
J924HaWUR9tzLhZR,tulip
JANSqZ3UWpzNXHN1,tulip
JaTbBy4XlkZQhE4L,tulip
jB7hfLCsyeBRIICU,tulip
JC6uYzhqSEgNN9U3,daisy
JDuZmsarqZdCxYaO,tulip
JE30iO9oecPVCAPp,tulip
jEmeQZIVcRHoPh1D,dandelion
JEZjU7Qru1Bjtr04,sunflower
jFzH37E7zdpeKOWY,dandelion
JGHD7N44Fyehy49U,daisy
jHcSrk53PcoghE1K,rose
JJmpLJxHnB18TLHj,dandelion
jjRro6Tkyy1kC428,daisy
jk4BHxMNYnm7aCk3,daisy
jKTz6qfkuitOvXLL,tulip
jLTI5rUuTFRinNkn,tulip
Joj86IHHobdjFm1u,dandelion
JP1wHq85Qn6kYmJC,tulip
jQPwCl5hb2ojPS7E,rose
jR7O93IiDdrtZ70H,dandelion
jS9YZpF6mcMvChZ0,sunflower
JtG7fyuI03vLdzy8,daisy
Juk9iFdW1uWs4OHX,rose
jUZQVvaUdXhK148Q,tulip
jV1S1yfxfN0Hyll1,rose
jyKOYWWoiJdfPxFu,tulip
jZSe3uTp8nh5if26,daisy
K1lCqEC4vLNPIbG7,tulip
K2cy8cplLcEpcTgi,sunflower
K3mNxbG2jpah1Wc9,rose
k3NrpHoydDHjLddd,tulip
K4cT1D8hhArWZZUZ,tulip
k4XQ6mhDJf4kwKkP,tulip
K5UeTCToAo6ujm6D,sunflower
KAFIpQkmenwOC8sk,daisy
KagG0MV6sust0k6K,rose
kaWI2kgfY1d79RsP,daisy
kBxFz1VF2pQp4D2c,tulip
KC3n0UDA6lVl4LZI,tulip
Kcq32fqdGXRrmr8Y,dandelion
KG4wtYimOcpM4bYM,tulip
kGpsUMkj7W5d6MFT,rose
kHM2WojIInxZvqdt,sunflower
khpVhybBLHVS9XAu,tulip
KJ3oJCubUFVhtCrQ,sunflower
kjkORs0JFqkhKqEh,tulip
kjQxxZq4R9Fxczyw,daisy
KjZrePlkQAvYAvVp,daisy
Kl3eFEnrP4OrCgBy,tulip
knDMu3h8SpDq5egt,daisy
KOTuEYR7QacgTvC5,dandelion
kOvl2GfzejKlaTOI,dandelion
kpbSPN3uR9Qq5rkY,sunflower
KQZ4dGue6GSVkCvX,tulip
krfSAbdjBwI2poHN,dandelion
KRkZpTxCJoAobQQg,dandelion
KSimHZtCZ7zEkUpi,dandelion
kSJdFw1HfSY7KpdV,sunflower
KSrxCAxVBmHBBjVM,daisy
kT9M1SGYSbJIhgaT,dandelion
kuhhgyl9H8q7TmWP,dandelion
KVNRzDMQ9qvKUx5x,dandelion
Kw1tbnFIcwH9WdzA,dandelion
kX3QLPtoBX6NuNoB,tulip
kXYFR0RjJw5pS4k0,sunflower
kyoFnX9BWIoUmX3y,sunflower
KZkVowm5XyKr4LpR,tulip
KZuCHRYxZmaQPkzB,rose
L4XW5QnECIUnwv5x,tulip
L7gEO84Bostgjmyp,dandelion
l9Sb7CGJfQsYAS6e,dandelion
lBM2jwhxkjDJfZS4,tulip
lclkWH0tVeAqZYuD,dandelion
LCPUaBbcQsv9eu7B,daisy
lIgcbXuNgjSVxtPX,dandelion
LITH3dTpnjWoh4La,tulip
LKNATUsivDd11Mh5,tulip
LlQ2PNnlg0zDmfSt,dandelion
lmSkqfujkN1MUYcG,sunflower
lpcrVCJ3hpYMI1jD,sunflower
LQbp80hf5JxJAnJv,dandelion
LQqTGl88Rcb8iMSf,dandelion
LRt33u1dytxPqGiG,dandelion
LS89Uvf7FZgRVKk3,dandelion
lt2Yu2Ky0RGZ0J5i,tulip
ltAtMxHd4vblGsG1,daisy
lTMsX9otGnYPc6qF,rose
lwVD5tmNSaMbJHKm,dandelion
Lx1pYVi8oeaWnOSy,daisy
Lz1T69qDr4aX4oTa,dandelion
M0lOgeMCmFyMfZYK,dandelion
m1ySb7jhQgIYm0UQ,daisy
M58HAgbi5iTRWock,dandelion
m5l9r1goJ8KjgO0A,dandelion
M7YlxX7RwnSTL0ck,tulip
m9pE30vmoSpLDvSV,tulip
ma4b6IdRRc2O6pbH,tulip
MadAcQ2T7IcdNJBh,tulip
MAIrSifLLcnM8xNz,dandelion
mbas27j8x2TDOk8h,sunflower
MBwTKF2yOU6O0hbd,dandelion
mcrkqF0UldYMQIFV,dandelion
mcttXYjZgyOuryD2,dandelion
Md7Li9IcDB0khPER,rose
MdhNVLNZxvahF4zw,daisy
mdnlOmZyGhjHfsNt,tulip
MdVAB2i5ZmoIw37q,daisy
MEMZ89yNxnciFol7,tulip
mfjF2zFogTPPumO9,tulip
MfPn0Xokagh1lP4P,dandelion
mFRpyF0KhWGMGac3,rose
MjXMLjwLLg9r3bYz,tulip
mjzM4xRu27Y1lWAB,sunflower
MkRc4HBUCzFqAm8X,daisy
ml8ZjlGCOq17RCh9,daisy
mlU3SFYeKDL7YuSl,dandelion
mnvON6uGeRylEeKw,rose
MOhRu4wpSSnXRVhp,tulip
mrJ8Zt4VNeWoAQSi,dandelion
mRQy0qBTcae8ziXy,tulip
msPxHm0RVGvMvJOm,tulip
Mv6qT89BbCwF43EY,daisy
mx2wzQl71AovvIlP,tulip
mzCgurvcYdoIolnF,sunflower
n0qtiTku8XzrqhpS,sunflower
n0wnuP4ME5An4z3S,daisy
n2f6hkdizpXNYTm9,sunflower
N40jRl2l30wv8Rb9,rose
n9qA0D6nQO3KYeRw,daisy
nA0rppE5hNi4wXPN,daisy
naD2672jB268abxa,dandelion
nAporpR4BNYPmqKr,dandelion
NBkm7VF7Io9WLJpI,tulip
NDcdiH5w0MMzyZ6k,dandelion
niMyDUpf97WeDJn1,rose
njw2yENjEzKtAuEk,sunflower
nlCR1PKmDxjHZZ8k,daisy
Nmxkg3CvachRKl8z,tulip
nnXhbNyRkk4I8YDK,daisy
NnyckD9rxcona4Qz,dandelion
NOK0AAKaY87W2PRf,tulip
nosGKSedybwRksvu,dandelion
nOTFeiHd9r4pahuB,dandelion
Noy79UMeGzINxXZS,dandelion
NR75Df3Vz7Dp9fza,dandelion
nRclodFbiAla4N7R,sunflower
nRCwmYzwaqkwMzI0,dandelion
nrwRpMR5IaAs57AC,sunflower
NsRlma1gRp4lzxKb,rose
NTUcEPouhUbgwZOm,rose
NVYTvKkFg18qEIHw,daisy
NYdrLIoBZ0E8uYE2,tulip
NygIQyGRklG39xvH,sunflower
NYQ7VGBd4XxIsRbm,daisy
O3GYsh9LUc0g4QdP,dandelion
o3lvx748LqCfFjw3,dandelion
ObSvSmpmswDyspZG,dandelion
OBVLQfjqQtjidT0H,dandelion
ObzHcFjKoi2yt3Qy,sunflower
OdwWmLRr9Sk9ACgg,tulip
ODxtCyMR5zDLua0B,tulip
ofzcPqE9NvjL1qHf,daisy
Ogq9LfF2rPlOFMlx,daisy
OjbrCP7aGY6LjdrW,daisy
OjRh6EnM2Jqg4t3m,rose
OKeYv6f0pp9Txioj,sunflower
oNVSkDTTg7FmZeFB,sunflower
oORwIuBsGfOKkAJt,tulip
oqBcqqOTCEvOPs5j,dandelion
oqJdDXFOc7JsIesA,dandelion
oQMRwM8JDK3iXF2J,tulip
oRJEweJp5Bhto1Er,daisy
oRVBJpXbfuL8qcRL,dandelion
osxBS2EjpfSEtO8E,sunflower
otxUQqtlcDXTpTxb,dandelion
ouAHCFX5I6T8WLXS,tulip
OuMjRH7IpnM2q8Fa,tulip
oWXgqhOg5lV7cljJ,sunflower
OxtUHpnBnVeE4rVt,tulip
P34vxH3sTLMcVTjH,tulip
p7lM1UVIX6htr1On,daisy
P8zUXVfGTtT7TTAx,dandelion
peOP4vXxBvtyxzIT,daisy
pF0zE4LownYycusL,sunflower
PF9B5CSl7anRo1nx,daisy
pGehZ4Ovppg3AW46,sunflower
PhkMD2ZaozOlsc3O,sunflower
PHoGkN6ohLYHAaCS,sunflower
PI5ZLHXrQrHYzprv,rose
pI7d2WwU7URRJMBa,tulip
PiIc3iv7BcPtNZew,dandelion
pIuWL97BwPNvduJu,dandelion
pKYR1AxPIhcuJ9qf,tulip
PlyVbhnYrgE8fDq9,sunflower
pnG3fd3LiRuI1235,dandelion
PnmbbxLJI8Zvvi4h,dandelion
pnQcM0v3mid77fEc,tulip
pPRfWNSwQoW3qiVy,daisy
PqEfV5FzWieVAv5e,daisy
pqKEE2BalPjvKAob,rose
pRf45w5qPIn6WimK,daisy
Ps0g8PIX3aWHqQHY,daisy
PVZCoM3UK2VOKy14,daisy
PyHRj5wuvy46YoYN,daisy
Q0KRga9JIraDXs5u,dandelion
q3SuEf528hG1kpMd,rose
Q66p6F6X3wI6k5YG,dandelion
q6L0CSvhGRAKkLTc,rose
Q9AV3mc3h5qI5oJ2,rose
QbCZB0lIqwSIJXaX,sunflower
qbnbCgYeR3jUTLJe,rose
QCbMZ1KOPPuLy9kU,dandelion
qCYCfEzw7atdcSGP,daisy
QDdX2ZQBvgJw1hF9,rose
QDYot09oadD2YjcW,tulip
QgE86UdAaxdxHGyk,daisy
qGxbrAHqHYMYycwd,dandelion
Qh5iSB73BbtGikFT,sunflower
QICjXwfOj3eL9FTb,sunflower
qInwSkcuDNM5mly4,rose
qk9uYyspi1NgRa5X,sunflower
QktJUgnguFY9kgz0,daisy
qNd5sBcJSpcqJtTF,sunflower
QOHpRCs7tRDrl6dY,tulip
qOXEuIwxnmmcrl4h,dandelion
qPJmOLaZpLsOQLfh,rose
qPSDkHBVlrwa9Ixc,sunflower
QqRoaDpezeDgJI6A,tulip
qrDn4Iq0kDIcxHau,dandelion
QrneyeXyBP2eaKai,rose
QtrppOu0a9piPcvn,tulip
QUGebGVXQDUOKWiQ,dandelion
qV6UnsrebrNnh1UL,sunflower
qxtFwl6O2Ee9QmwV,dandelion
QY3iklZpT7sE3WX7,sunflower
qzuTMHTbAoS275hU,daisy
qZZSF4Fa7pAsVzFJ,daisy
R0Br0P4wgOhGNRhA,daisy
R0K5OChMH4O4BfVg,sunflower
r0Z1laDQTYDx67mk,rose
r2P7uJ2HozrgEnLt,dandelion
r3F5ZApVI62GFS76,dandelion
r3YUuUuH0axiqu6d,daisy
r6pFRglQhwze3YL3,tulip
R6Q1sxUUVh0jZbUB,rose
R7xVH2DVYg4BOTZ8,rose
Rb0qS4rDko6YkACv,dandelion
Rb3PPMGFJ9AhDbuJ,rose
RC2ubhbSQd8HVqfJ,tulip
Rc5mGSgzAdSvUtL2,tulip
RclAqNFnO3vPKpeN,tulip
rCwlsLxbM2g68vp9,daisy
RelOerOd3JUsXA28,sunflower
RFbLGhJWTRG7KmNr,sunflower
rfXpIFyfb0i9F3mn,rose
RIa96SPMctnMwAwb,tulip
rL0Kh3Ttv3EmnQRA,sunflower
RlsccG5Fa57jVLWh,sunflower
rMzZJyiZGMu6UluO,sunflower
rnPSHUqlxbJF7kKh,daisy
ro8tMQJI2EsIFZ9C,daisy
rPjTYO3OV8poVGdn,sunflower
rSFmkgIteLsiLR8K,sunflower
RTcFJr8Qrxj7v70w,daisy
RuiFG8BcT0Da32nZ,rose
Rw1C7nDh029jftfq,dandelion
RwM8haWsVlRiTR0W,tulip
RwPUbzCMTCp2bDvB,dandelion
RYQzBuagQQMLTTKB,dandelion
S1hoaPNgUhfwdfcH,tulip
S23gCTTexxygP1dM,rose
s5Hq74Zsyuot30CX,dandelion
S5V3XGzOuroycYrp,tulip
S84Bss55R9mV1KiO,rose
saTui0xHbGjTRQDA,dandelion
SawuvoC0lKTWXJux,daisy
SE807HRAC4NN0eAP,dandelion
SeJsJqrciEZLtujr,rose
sk6wLFfK4mscK7YO,dandelion
SLCXAS1tTXloLV3a,dandelion
SNCuizg5RHht90Tq,dandelion
Sol7PVM2wo4KCDEj,dandelion
sPHiPwxShMqmsH5k,sunflower
sruVzms8MkeFYV1G,rose
sUevoGA7YBPKEMfp,sunflower
sUjEtd5JngzS4W2z,tulip
svc9cgFneKgZXeq3,dandelion
sw9USs3AmJMVfLQ4,dandelion
sWg28AFmt5ukk5Hs,daisy
SXZ6ct1XaxTkofGz,tulip
SyhAddYSvsoL8NW2,daisy
sYhEP9b2UlnmsgXS,dandelion
SzDxGDobJ2loTDLe,tulip
t25yGrFbTnGCAq92,rose
T7RRRuQVqolHg6he,sunflower
t8nHgalnxkpm4pdk,sunflower
t8wjGjabQr3HM0CO,daisy
T99UJcJca4khIo6V,tulip
t9GL1HUwFM2KC5lu,daisy
TBxO1J0gCouqHFqT,sunflower
TftBRIvgXDj6xvoA,daisy
ThRZPt0jQS3TK5hs,tulip
tJ7oPgqkCAcMywqo,rose
tjkADAMWgujJUjOG,tulip
Tjl9Olgjkgaqo6qX,daisy
TJpBJH3cEelInIP6,rose
TLaX9VNBcFUqKjaq,daisy
tLpGKMAvZVIynyJM,dandelion
TnG4xWMlkkJFElbK,dandelion
TOavV8reZmopzP1p,rose
tP7EGSg35kWhllkY,sunflower
tP82c3FGsk6Ae08Y,daisy
trMgiPGeLT82U6vp,daisy
ttKPtpUic1smIQJl,daisy
TVOjGwSuVIqnt3BS,daisy
TvznPWvLaMZMijz6,tulip
tz70aEY6c2pdxYUJ,tulip
tZNjtnO9DVfwvU2N,daisy
U07TFAHBGBm1w1n9,daisy
u0GFXCouMxBl9Ohe,rose
U5idCx8qT9uoixnq,tulip
U5lZkUA1nNpQNAd5,tulip
u6Qk7ck1EO2EVq8S,tulip
U6VSf87hEyZTdmCl,tulip
ucqZn5RK0SmSQf4M,rose
UcYWnQ1ojolU5054,sunflower
uDcRFyTAFCyI9AiD,daisy
udmnWPeKi2xMdiW1,daisy
ujkn0YN3pk46DVAy,dandelion
UKsmmRnivnriKvq8,tulip
UMjpVx5S1ZnJ6b4y,daisy
UmviUVjeQYxI3UrI,tulip
un17utxIQVyeUeOA,tulip
UP30a74BXsMjzWq6,sunflower
Uqeq42XpHEmxDMla,rose
uqH0ooOgIeQv2Wfb,rose
uQPhQSnT4UhWvtlq,dandelion
URA5SohyXCxFtswG,rose
utX2rSCm6M1eoRNS,rose
UW23GH8vqJBcAv4O,tulip
uxDlFBt8JrVRxFYq,tulip
uYPZ9gXs8DO4hB7h,dandelion
uzqMadhic8khG6uU,dandelion
v3xF6CNppwiCuvFy,tulip
v4v0NN3cbrwnbvAl,dandelion
vaDX7kff47V4mhxm,daisy
VAlx7KsiRATWTKnx,sunflower
VAsIjjbdCacGAxNw,tulip
vb3oKErJBVvsrbUO,tulip
VbPDFU7erDX1SgaX,tulip
vBr0UESCFWnMwdp6,dandelion
VFmFx5DdVa1rOXIP,rose
vjmE0S5NfMA6Ywh4,dandelion
vjNlnmm9nUsYbiN7,dandelion
vkNAgUaUGzV4HK7h,rose
vMbPrrOvE6GIXuTd,rose
vmyjsrdxuIdvwLY1,tulip
Vn7ahWYsZz6J6xBE,rose
vnKWsVfwfhzMAmWT,tulip
vOiWbqC5ukSVPmwv,rose
VPLSiNE20SlyAW1C,rose
VPRLkPP5mkMgLOMi,rose
vPuF6AfPG80u6KCc,daisy
VSGLibmNw9kcNoTk,dandelion
VTPIks5WfrGnMx4m,daisy
vVvWXW1oumRdg2Cs,sunflower
vWZ1McAZBjfoFqg4,tulip
Vxgtc2VnYeFSb1qz,dandelion
VYglAZPzBJiNQG0K,dandelion
VzqgtSixGkQ2KirB,daisy
W2k3dJjzhCwcBU12,daisy
w5JDmIqG6WKSdqxQ,daisy
W8K86HlsPSJCRtmM,dandelion
WaUxf6VOq4CVlexs,tulip
WCea0KMIpCZqi76I,rose
wdZsOZtDeJHjUHxy,tulip
weFq3MeFy71O7SDt,tulip
WFa3HGE8Mvd9pu55,dandelion
wfhgYcNZbIJi0iIo,sunflower
wfk9ps2N9fWAGDfq,sunflower
WGZNbdS1dTIDBYoh,dandelion
wJ1KIPchTXidmmyK,rose
wje52kJJA7h5dYRk,tulip
WJRhX6xB1uZawcKV,tulip
WKMb6uBYEVImyaew,dandelion
wKR1xHr6cM7FlgmM,dandelion
WM1sOxWNiS90lZv7,rose
WoeBBXUIvzZNyhMU,tulip
WOsGwW5BiNU53mMd,dandelion
wPU9E03bmHkuOWfu,daisy
WrtYUYZJi0eTZWgq,sunflower
wthIxz0C0Fw9JyI7,tulip
WtnvLUw1nfaqNQ5n,tulip
wtp4ZJHl0uGOqvXH,dandelion
WVaKolrXogyaTFnf,sunflower
wzAKItmQ0eCWagfl,dandelion
wzuiR7MMEFcC4SQb,sunflower
X0fdYgOFfb3iCo4c,sunflower
X635thUp5kNgAAKS,daisy
X6WeLXkBfF6ANO3A,tulip
X83Kvux2nfUKVPD9,rose
x9rGVQfkiINSz7CS,rose
xCqvsEhSl7dPH9fa,tulip
XcUVaeex3wn8Wig9,dandelion
xdon5vvQHECg2CzC,daisy
Xdq6xmrlIfXktVqz,dandelion
xElPPxTNIEOp2vRi,rose
xICzasYTToPm4ZYh,dandelion
xjaTxseEKJKJE04O,dandelion
XKktQXY55MTRToiH,rose
xkLaTSaySDn7G3Ny,dandelion
XKYxPGbbXsj4aHKr,dandelion
XnRTJyEamNGIgIuy,rose
XozBCEKTrIrL9pzT,sunflower
XP3SnCAoUVf5I5r9,dandelion
XPoEjmexWyqp0TpU,sunflower
xUoF2Ps1XBQAs9KV,tulip
xvbbqKtAazGT07zP,daisy
xWjlhd21vyWOEkEn,sunflower
xXVgKLUzkxDyhAtf,dandelion
XxVtHreQAc2E8dq1,tulip
xyL81N4t06schOkv,tulip
xywcKkHOA89SERF9,sunflower
xZ2piNLtX63UTaO9,daisy
xZHkQwDrI77lmNTh,daisy
y2qMfWNA5fc0OfUA,sunflower
y34nIAvqETYQSM6O,dandelion
Y59avB7IVLyg5QM3,rose
y62KFWKUEGAoO4Qa,dandelion
Y9sX16CJAvnBbNf3,dandelion
YD2Ily9rWCeWmEN8,sunflower
yD4kdzl8kkqfUtBP,rose
YeeEa0PvfxUM5ziI,dandelion
YEqew2nJMRSJJGlh,tulip
YFITMCdym66ct0Rs,daisy
yICuagdJKaVPgCfe,dandelion
YiDKDV4DLDOiQmGR,daisy
yJVhWhLGXGnvVDGW,daisy
Yk09J2o7ePfyLUR0,sunflower
YkRJWejcFLEJn7DS,rose
YKthFBwxojqqTBBY,daisy
yofcZ3aLyRXsbonY,tulip
yQ3WxsRLNHI5YdCX,rose
YtBt3LGTvfxTpdGi,dandelion
Yw7fuGsXEF1BYnC6,tulip
YxiQ4hPXFaCtOh1s,tulip
YxwymOvDkD5ExWkH,tulip
z1mOD2sABgmg7vMo,daisy
Z30YRh9Vn5JodC6D,rose
z7pLfL1X6B7qE0zu,rose
z8jkhqKr3MCHFpWL,dandelion
Zatpl22c9N4FUc1S,daisy
Zb6PVdOj0imAX4BQ,daisy
zdMWA76QbxnpnqzP,tulip
zfEWJctelHbsmccl,tulip
ZgYByNXjvqsVkXi3,dandelion
zIcVBrrrQA4H1e1M,rose
zJeauTmRS7Gbs7Z5,daisy
ZkXNBzslScuW4KeM,dandelion
ZLij8ZVZZEaFXGBR,daisy
zm7cxmA6treumkDU,dandelion
zmiEjCp32jQQLheD,daisy
znisO4361stNYHAL,dandelion
ZNLHrRb6E07POVre,tulip
zQL2GroUhQ8uW4WY,tulip
zQP5HMypRUAQPLms,tulip
zrP17HSLtbAD7mHw,daisy
Zs0Ei7z77UmsqIi3,dandelion
ZSd1VJouDbhCM1Gv,dandelion
ZsK7pJpS28ojYyel,dandelion
ZSXPVcCdJkbO49tF,tulip
zULLahfQAySCfdw7,tulip
zUWSaAZkUygN9zFh,rose
zVPKemZK4f2Sj4Oc,rose
zw6P2XqTrXbuZRFy,rose
zXohNDtTNkaYTMvi,daisy
zxz3BUxZdRpirxdv,sunflower
ZyNR3dwdq5R2NVh4,tulip
zYo03Dka8IkmpEES,tulip
